Municipality,1897,1898,1899,1900,1901,1902,1903,1904,1905,1906,1907,1908,1909,1910,1911,1912,1913,1914,1915,1916,1917,1918,1919,1920,1921,1922,1923,1924,1925,1926,1927,1928,1929,1930,1931,1932,1933,1934,1935,1936,1937,1938,1939,1940,1941,1942,1943,1944,1945,1946,1947,1948,1949,1950,1951,1952,1953,1954,1955,1956,1957,1958,1959,1960,1961,1962,1963,1964,1965,1966,1967,1968,1969,1970,1971,1972,1973,1974,1975,1976,1977,1978,1979,1980,1981,1982,1983,1984,1985,1986,1987,1988,1989,1990,1991,1992,1993,1994,1995,1996,1997,1998,1999,2000,2001,2002,2003,2004,2005,2006,2007,2008,2009,2010,2011,2012,2013,2014,2015,2016,2017,2018,2019,2020,2021,2022,2023,2024,2025
Acton,2115,2117,2118,2120,2122,2123,2125,2126,2128,2130,2131,2133,2134,2136,2139,2141,2144,2146,2149,2152,2154,2157,2159,2162,2194,2226,2258,2290,2322,2354,2386,2418,2450,2482,2504,2526,2548,2570,2592,2613,2635,2657,2679,2701,2782,2863,2944,3025,3106,3186,3267,3348,3429,3510,3883,4256,4628,5001,5374,5747,6120,6492,6865,7238,7991,8744,9498,10251,11004,11757,12510,13264,14017,14770,15047,15325,15602,15880,16157,16434,16712,16989,17267,17544,17577,17610,17642,17675,17708,17741,17774,17806,17839,17872,18118,18364,18610,18856,19102,19347,19593,19839,20085,20331,20490,20650,20809,20968,21128,21287,21446,21605,21765,21924,22134,22343,22553,22763,22972,23182,23392,23602,23811,24021,24024,24026,24029,24539,25049
Arlington,4452,5178,5904,6629,7354,8080,8806,9531,10256,10982,11708,12433,13158,13884,14362,14840,15318,15796,16274,16753,17231,17709,18187,18665,20408,22151,23894,25637,27380,29122,30865,32608,34351,36094,36486,36878,37270,37662,38054,38445,38837,39229,39621,40013,40447,40881,41315,41749,42183,42617,43051,43485,43919,44353,44913,45473,46033,46593,47153,47713,48273,48833,49393,49953,50310,50667,51024,51381,51738,52096,52453,52810,53167,53524,52994,52463,51932,51402,50872,50341,49810,49280,48750,48219,47860,47501,47142,46783,46424,46066,45707,45348,44989,44630,44406,44182,43958,43734,43510,43285,43061,42837,42613,42389,42434,42480,42526,42571,42616,42662,42708,42753,42798,42844,43190,43537,43883,44230,44576,44922,45269,45615,45962,46308,46242,46177,46111,47112,48113
Ashland,1478,1494,1509,1525,1541,1556,1572,1588,1604,1619,1635,1651,1666,1682,1742,1803,1864,1924,1984,2045,2106,2166,2226,2287,2298,2309,2320,2331,2342,2353,2364,2375,2386,2397,2405,2413,2422,2430,2438,2446,2454,2463,2471,2479,2581,2683,2785,2887,2990,3092,3194,3296,3398,3500,3928,4356,4784,5212,5640,6067,6495,6923,7351,7779,7889,8000,8110,8220,8330,8441,8551,8661,8772,8882,8910,8939,8967,8995,9024,9052,9080,9108,9137,9165,9455,9745,10035,10325,10616,10906,11196,11486,11776,12066,12327,12588,12848,13109,13370,13631,13892,14152,14413,14674,14866,15058,15250,15442,15634,15825,16017,16209,16401,16593,16817,17041,17265,17489,17712,17936,18160,18384,18608,18832,18752,18671,18591,19391,20191
Bedford,1201,1203,1206,1208,1210,1213,1215,1217,1220,1222,1224,1226,1229,1231,1244,1257,1270,1283,1296,1310,1323,1336,1349,1362,1486,1610,1734,1858,1982,2107,2231,2355,2479,2603,2723,2844,2964,3085,3205,3325,3446,3566,3687,3807,3950,4092,4235,4378,4520,4663,4806,4949,5091,5234,5808,6381,6954,7528,8102,8675,9248,9822,10396,10969,11223,11478,11732,11987,12241,12495,12750,13004,13259,13513,13468,13424,13379,13335,13290,13245,13201,13156,13112,13067,13060,13053,13046,13039,13032,13024,13017,13010,13003,12996,12956,12916,12876,12836,12796,12755,12715,12675,12635,12595,12668,12740,12812,12885,12958,13030,13102,13175,13248,13320,13426,13533,13639,13745,13852,13958,14064,14170,14277,14383,14387,14390,14394,14955,15516
Bellingham,1858,1799,1741,1682,1623,1565,1506,1448,1389,1330,1272,1213,1155,1096,1197,1297,1398,1498,1599,1700,1800,1901,2001,2102,2211,2319,2428,2537,2646,2754,2863,2972,3080,3189,3168,3147,3126,3105,3084,3063,3042,3021,3000,2979,3091,3203,3315,3427,3540,3652,3764,3876,3988,4100,4367,4635,4902,5170,5437,5704,5972,6239,6507,6774,7493,8213,8932,9651,10370,11090,11809,12528,13248,13967,14000,14034,14067,14100,14134,14167,14200,14233,14267,14300,14358,14415,14473,14531,14588,14646,14704,14762,14819,14877,14921,14964,15008,15052,15096,15139,15183,15227,15270,15314,15416,15518,15619,15721,15823,15925,16027,16128,16230,16332,16393,16455,16516,16577,16638,16700,16761,16822,16884,16945,17149,17352,17556,17998,18440
Belmont,3445,3606,3768,3929,4090,4252,4413,4574,4736,4897,5058,5219,5381,5542,6063,6583,7104,7625,8146,8666,9187,9708,10228,10749,11849,12949,14049,15149,16248,17348,18448,19548,20648,21748,22260,22772,23284,23796,24308,24819,25331,25843,26355,26867,26918,26970,27021,27073,27124,27175,27227,27278,27330,27381,27514,27648,27781,27915,28048,28181,28315,28448,28582,28715,28672,28629,28586,28543,28500,28457,28414,28371,28328,28285,28066,27848,27630,27411,27192,26974,26756,26537,26318,26100,25962,25824,25686,25548,25410,25272,25134,24996,24858,24720,24667,24615,24562,24510,24457,24404,24352,24299,24247,24194,24248,24301,24354,24408,24462,24515,24568,24622,24676,24729,24986,25242,25499,25755,26012,26269,26525,26782,27038,27295,27159,27022,26886,27442,27998
Beverly,12450,12928,13406,13884,14362,14840,15318,15796,16274,16753,17231,17709,18187,18665,19055,19444,19834,20223,20613,21003,21392,21782,22171,22561,22814,23066,23318,23571,23824,24076,24328,24581,24834,25086,25131,25176,25221,25266,25312,25357,25402,25447,25492,25537,25872,26206,26541,26876,27210,27545,27880,28215,28549,28884,29606,30329,31051,31774,32496,33218,33941,34663,35386,36108,36332,36556,36780,37004,37228,37452,37676,37900,38124,38348,38279,38209,38140,38071,38002,37932,37863,37794,37724,37655,37709,37763,37817,37871,37925,37979,38033,38087,38141,38195,38362,38528,38695,38862,39028,39195,39362,39529,39695,39862,39826,39790,39754,39718,39682,39646,39610,39574,39538,39502,39819,40136,40452,40769,41086,41403,41720,42036,42353,42670,42553,42435,42318,43223,44128
Bolton,772,771,771,770,769,769,768,768,767,766,766,765,765,764,758,753,747,742,736,730,725,719,714,708,714,719,725,730,736,742,747,753,758,764,765,766,767,768,770,771,772,773,774,775,793,811,829,847,866,884,902,920,938,956,987,1018,1048,1079,1110,1141,1172,1202,1233,1264,1328,1392,1456,1520,1584,1649,1713,1777,1841,1905,1968,2030,2092,2155,2218,2280,2342,2405,2468,2530,2590,2651,2711,2772,2832,2892,2953,3013,3074,3134,3235,3337,3438,3540,3641,3742,3844,3945,4047,4148,4223,4298,4373,4448,4522,4597,4672,4747,4822,4897,4974,5051,5127,5204,5281,5358,5435,5511,5588,5665,5689,5714,5738,5809,5880
Boston,527984,538953,549923,560892,571861,582831,593800,604769,615738,626708,637677,648646,659616,670585,678332,686080,693828,701575,709322,717070,724818,732565,740312,748060,751373,754686,757998,761311,764624,767937,771250,774562,777875,781188,780151,779114,778076,777039,776002,774965,773928,772890,771853,770816,773879,776942,780004,783067,786130,789193,792256,795318,798381,801444,791019,780595,770170,759745,749320,738896,728471,718046,707622,697197,691584,685972,680359,674747,669134,663521,657909,652296,646684,641071,633263,625456,617648,609840,602032,594225,586417,578609,570802,562994,564123,565252,566381,567510,568638,569767,570896,572025,573154,574283,575769,577255,578741,580227,581713,583199,584685,586171,587657,589143,591988,594833,597678,600523,603368,606214,609059,611904,614749,617594,623399,629205,635010,640815,646620,652426,658231,664036,669842,675647,668376,661104,653833,673458,693083
Boxborough,316,316,316,316,316,316,316,316,316,317,317,317,317,317,315,313,311,309,308,306,304,302,300,298,299,301,302,304,305,306,308,309,311,312,318,325,331,338,344,350,357,363,370,376,382,389,395,401,408,414,420,426,433,439,470,500,530,561,592,622,652,683,714,744,815,885,956,1027,1098,1168,1239,1310,1380,1451,1618,1786,1954,2121,2288,2456,2624,2791,2958,3126,3148,3169,3191,3213,3234,3256,3278,3300,3321,3343,3496,3648,3800,3953,4106,4258,4410,4563,4716,4868,4881,4894,4906,4919,4932,4945,4958,4970,4983,4996,5047,5098,5149,5200,5251,5302,5353,5404,5455,5506,5488,5469,5451,5565,5679
Braintree,6497,6811,7125,7439,7753,8067,8381,8695,9010,9324,9638,9952,10266,10580,11116,11652,12189,12725,13261,13797,14333,14870,15406,15942,15919,15896,15873,15850,15827,15804,15781,15758,15735,15712,15779,15845,15912,15978,16045,16112,16178,16245,16311,16378,17056,17735,18413,19091,19770,20448,21126,21804,22483,23161,23952,24743,25533,26324,27115,27906,28697,29487,30278,31069,31467,31865,32263,32661,33060,33458,33856,34254,34652,35050,35179,35307,35436,35565,35694,35822,35951,36080,36208,36337,36087,35837,35587,35337,35086,34836,34586,34336,34086,33836,33835,33834,33834,33833,33832,33831,33830,33830,33829,33828,34020,34211,34403,34594,34786,34978,35169,35361,35552,35744,36084,36424,36764,37104,37444,37783,38123,38463,38803,39143,38925,38708,38490,39134,39778
Brookline,17578,18364,19149,19935,20721,21506,22292,23078,23864,24649,25435,26221,27006,27792,28788,29783,30779,31774,32770,33766,34761,35757,36752,37748,38722,39696,40671,41645,42619,43593,44567,45542,46516,47490,47720,47949,48179,48408,48638,48868,49097,49327,49556,49786,50566,51347,52127,52907,53688,54468,55248,56028,56809,57589,57234,56880,56526,56171,55816,55462,55108,54753,54398,54044,54528,55012,55497,55981,56465,56949,57433,57918,58402,58886,58504,58121,57739,57356,56974,56592,56209,55827,55444,55062,55028,54993,54959,54924,54890,54856,54821,54787,54752,54718,54957,55195,55434,55673,55912,56150,56389,56628,56866,57105,57268,57430,57593,57756,57918,58081,58244,58407,58569,58732,59178,59624,60070,60516,60962,61407,61853,62299,62745,63191,63115,63038,62962,63925,64888
Burlington,594,593,593,593,593,593,592,592,592,592,592,591,591,591,620,650,679,709,738,767,797,826,856,885,969,1052,1136,1220,1304,1387,1471,1555,1638,1722,1777,1833,1888,1943,1998,2054,2109,2164,2220,2275,2372,2470,2568,2665,2762,2860,2958,3055,3152,3250,4210,5170,6131,7091,8051,9011,9971,10932,11892,12852,13765,14678,15590,16503,17416,18329,19242,20154,21067,21980,22131,22281,22432,22582,22733,22884,23034,23185,23335,23486,23468,23449,23431,23412,23394,23376,23357,23339,23320,23302,23259,23217,23174,23132,23089,23046,23004,22961,22919,22876,23038,23200,23363,23525,23687,23849,24011,24174,24336,24498,24686,24874,25062,25250,25438,25625,25813,26001,26189,26377,26427,26477,26527,26977,27427
Cambridge,88000,89295,90591,91886,93181,94477,95772,97067,98362,99658,100953,102248,103544,104839,105324,105810,106296,106781,107266,107752,108238,108723,109208,109694,110089,110484,110879,111274,111668,112063,112458,112853,113248,113643,113367,113090,112814,112537,112261,111985,111708,111432,111155,110879,111865,112851,113837,114823,115810,116796,117782,118768,119754,120740,119438,118135,116833,115530,114228,112926,111623,110321,109018,107716,106980,106245,105510,104774,104038,103303,102568,101832,101096,100361,99857,99353,98849,98345,97842,97338,96834,96330,95826,95322,95370,95418,95466,95514,95562,95610,95658,95706,95754,95802,96357,96913,97468,98023,98578,99134,99689,100244,100800,101355,101736,102116,102497,102878,103258,103639,104020,104401,104781,105162,106486,107810,109134,110458,111782,113107,114431,115755,117079,118403,118340,118277,118214,121186,124158
Canton,4520,4541,4563,4584,4605,4627,4648,4669,4690,4712,4733,4754,4776,4797,4912,5027,5141,5256,5371,5486,5601,5715,5830,5945,5932,5919,5906,5893,5880,5868,5855,5842,5829,5816,5872,5929,5986,6042,6098,6155,6212,6268,6324,6381,6489,6598,6706,6815,6923,7031,7140,7248,7357,7465,7996,8526,9057,9587,10118,10649,11179,11710,12240,12771,13204,13637,14070,14503,14936,15368,15801,16234,16667,17100,17208,17316,17425,17533,17641,17749,17857,17966,18074,18182,18217,18252,18286,18321,18356,18391,18426,18460,18495,18530,18754,18979,19204,19428,19652,19877,20102,20326,20550,20775,20854,20932,21011,21089,21168,21247,21325,21404,21482,21561,21842,22123,22404,22685,22966,23246,23527,23808,24089,24370,24458,24547,24635,25163,25691
Carlisle,459,466,473,480,487,494,501,508,516,523,530,537,544,551,542,533,525,516,507,498,489,481,472,463,474,484,495,505,516,527,537,548,558,569,587,605,622,640,658,676,694,711,729,747,760,773,786,799,812,824,837,850,863,876,937,998,1060,1121,1182,1243,1304,1366,1427,1488,1626,1765,1903,2041,2180,2318,2456,2594,2733,2871,2914,2958,3002,3045,3088,3132,3176,3219,3262,3306,3409,3511,3614,3717,3820,3922,4025,4128,4230,4333,4371,4410,4448,4487,4525,4563,4602,4640,4679,4717,4730,4744,4758,4771,4784,4798,4812,4825,4838,4852,4890,4929,4968,5006,5044,5083,5122,5160,5198,5237,5222,5207,5192,5317,5442
Chelsea,30658,30796,30934,31072,31210,31348,31486,31624,31762,31900,32038,32176,32314,32452,33525,34598,35672,36745,37818,38891,39964,41038,42111,43184,43447,43710,43974,44237,44500,44763,45026,45290,45553,45816,45360,44905,44449,43993,43538,43082,42626,42170,41715,41259,41024,40790,40555,40320,40086,39851,39616,39381,39147,38912,38396,37879,37363,36847,36330,35814,35298,34782,34265,33749,33437,33124,32812,32499,32187,31875,31562,31250,30937,30625,30106,29586,29067,28547,28028,27509,26989,26470,25950,25431,25759,26087,26415,26743,27070,27398,27726,28054,28382,28710,29347,29984,30621,31258,31895,32532,33169,33806,34443,35080,35090,35099,35109,35119,35128,35138,35148,35158,35167,35177,35738,36299,36860,37421,37982,38543,39104,39665,40226,40787,39964,39142,38319,40245,42171
Cohasset,2811,2794,2776,2759,2742,2724,2707,2689,2672,2655,2637,2620,2602,2585,2590,2596,2601,2607,2612,2617,2623,2628,2634,2639,2683,2728,2772,2817,2861,2905,2950,2994,3039,3083,3086,3089,3091,3094,3097,3100,3103,3105,3108,3111,3173,3235,3297,3359,3421,3483,3545,3607,3669,3731,3942,4153,4364,4575,4786,4996,5207,5418,5629,5840,5951,6063,6174,6286,6397,6508,6620,6731,6843,6954,6976,6998,7020,7042,7064,7086,7108,7130,7152,7174,7164,7154,7144,7134,7124,7115,7105,7095,7085,7075,7094,7112,7131,7149,7168,7187,7205,7224,7242,7261,7289,7317,7345,7373,7402,7430,7458,7486,7514,7542,7626,7710,7794,7878,7962,8045,8129,8213,8297,8381,8385,8388,8392,8532,8672
Concord,5768,5819,5869,5919,5969,6019,6070,6120,6170,6220,6270,6321,6371,6421,6419,6417,6415,6413,6411,6409,6407,6405,6403,6401,6509,6616,6724,6831,6939,7047,7154,7262,7369,7477,7526,7576,7626,7675,7724,7774,7824,7873,7922,7972,8037,8102,8167,8232,8298,8363,8428,8493,8558,8623,9012,9402,9791,10181,10570,10959,11349,11738,12128,12517,12880,13243,13606,13969,14332,14696,15059,15422,15785,16148,16162,16177,16192,16206,16220,16235,16250,16264,16278,16293,16371,16450,16528,16606,16684,16763,16841,16919,16998,17076,17068,17059,17051,17043,17034,17026,17018,17010,17001,16993,17060,17128,17196,17263,17330,17398,17466,17533,17600,17668,17750,17833,17915,17997,18080,18162,18244,18326,18409,18491,18356,18221,18086,18092,18098
Danvers,8282,8369,8456,8542,8628,8715,8802,8888,8974,9061,9148,9234,9320,9407,9577,9747,9917,10087,10258,10428,10598,10768,10938,11108,11293,11478,11663,11848,12032,12217,12402,12587,12772,12957,13079,13201,13324,13446,13568,13690,13812,13935,14057,14179,14333,14487,14641,14795,14950,15104,15258,15412,15566,15720,16341,16961,17582,18202,18823,19444,20064,20685,21305,21926,22348,22771,23194,23616,24038,24461,24884,25306,25728,26151,25946,25741,25536,25331,25126,24920,24715,24510,24305,24100,24107,24115,24122,24130,24137,24144,24152,24159,24167,24174,24256,24338,24421,24503,24585,24667,24749,24832,24914,24996,25146,25295,25445,25595,25744,25894,26044,26194,26343,26493,26652,26812,26971,27131,27290,27449,27609,27768,27928,28087,28023,27960,27896,28590,29284
Dedham,6909,7092,7274,7457,7640,7822,8005,8188,8370,8553,8736,8919,9101,9284,9434,9584,9733,9883,10033,10183,10333,10482,10632,10782,11217,11653,12088,12524,12959,13394,13830,14265,14701,15136,15173,15210,15248,15285,15322,15359,15396,15434,15471,15508,15806,16104,16402,16700,16998,17295,17593,17891,18189,18487,19025,19563,20102,20640,21178,21716,22254,22793,23331,23869,24176,24483,24790,25097,25404,25710,26017,26324,26631,26938,26774,26610,26446,26282,26118,25954,25790,25626,25462,25298,25146,24995,24843,24692,24540,24388,24237,24085,23934,23782,23750,23718,23687,23655,23623,23591,23559,23528,23496,23464,23590,23717,23844,23970,24096,24223,24350,24476,24602,24729,24792,24856,24920,24983,25046,25110,25174,25237,25300,25364,25232,25100,24968,25485,26002
Dover,613,628,642,656,670,684,699,713,727,741,755,770,784,798,805,812,819,826,832,839,846,853,860,867,900,933,965,998,1031,1064,1097,1129,1162,1195,1213,1231,1249,1267,1284,1302,1320,1338,1356,1374,1409,1444,1478,1513,1548,1583,1618,1652,1687,1722,1834,1947,2059,2172,2284,2396,2509,2621,2734,2846,3014,3183,3351,3519,3688,3856,4024,4192,4361,4529,4546,4564,4581,4599,4616,4633,4651,4668,4686,4703,4724,4745,4767,4788,4809,4830,4851,4873,4894,4915,4979,5044,5108,5172,5236,5301,5365,5429,5494,5558,5561,5564,5567,5570,5574,5577,5580,5583,5586,5589,5622,5656,5689,5723,5756,5789,5823,5856,5890,5923,5903,5884,5864,6057,6250
Duxbury,2191,2152,2114,2075,2036,1998,1959,1920,1882,1843,1804,1765,1727,1688,1674,1661,1648,1634,1620,1607,1594,1580,1566,1553,1567,1582,1596,1610,1624,1639,1653,1667,1682,1696,1762,1829,1895,1961,2028,2094,2160,2226,2293,2359,2440,2521,2601,2682,2763,2844,2925,3005,3086,3167,3323,3479,3635,3791,3947,4103,4259,4415,4571,4727,5018,5309,5600,5891,6182,6472,6763,7054,7345,7636,8053,8470,8887,9304,9722,10139,10556,10973,11390,11807,12016,12225,12433,12642,12851,13060,13269,13477,13686,13895,13930,13966,14001,14036,14072,14107,14142,14177,14213,14248,14329,14410,14491,14572,14654,14735,14816,14897,14978,15059,15162,15265,15368,15471,15574,15678,15781,15884,15987,16090,16122,16153,16185,16377,16569
Essex,1676,1671,1667,1663,1659,1655,1650,1646,1642,1638,1634,1629,1625,1621,1607,1592,1578,1564,1550,1535,1521,1507,1492,1478,1477,1475,1474,1473,1472,1470,1469,1468,1466,1465,1457,1449,1441,1433,1424,1416,1408,1400,1392,1384,1425,1466,1507,1548,1589,1630,1671,1712,1753,1794,1838,1883,1927,1972,2016,2060,2105,2149,2194,2238,2281,2324,2368,2411,2454,2497,2540,2584,2627,2670,2703,2736,2768,2801,2834,2867,2900,2932,2965,2998,3024,3050,3077,3103,3129,3155,3181,3208,3234,3260,3261,3261,3262,3263,3264,3264,3265,3266,3266,3267,3291,3314,3338,3362,3386,3409,3433,3457,3480,3504,3521,3538,3555,3572,3590,3607,3624,3641,3658,3675,3681,3688,3694,3760,3826
Everett,21592,22506,23421,24336,25251,26166,27080,27995,28910,29825,30740,31654,32569,33484,34148,34811,35475,36138,36802,37466,38129,38793,39456,40120,40950,41781,42611,43442,44272,45102,45933,46763,47594,48424,48260,48096,47932,47768,47604,47440,47276,47112,46948,46784,46704,46624,46543,46463,46383,46303,46223,46142,46062,45982,45738,45494,45251,45007,44763,44519,44275,44032,43788,43544,43438,43332,43226,43120,43014,42909,42803,42697,42591,42485,41956,41427,40898,40369,39840,39311,38782,38253,37724,37195,37046,36896,36747,36597,36448,36299,36149,36000,35850,35701,35935,36168,36402,36635,36869,37103,37336,37570,37803,38037,38400,38763,39126,39489,39852,40215,40578,40941,41304,41667,42408,43149,43889,44630,45371,46112,46853,47593,48334,49075,49489,49904,50318,51825,53332
Foxborough,3087,3147,3206,3266,3326,3385,3445,3505,3564,3624,3684,3744,3803,3863,3890,3918,3945,3972,4000,4027,4054,4081,4109,4136,4257,4378,4499,4620,4742,4863,4984,5105,5226,5347,5443,5538,5634,5729,5825,5921,6016,6112,6207,6303,6376,6448,6521,6594,6666,6739,6812,6885,6957,7030,7341,7651,7962,8272,8583,8894,9204,9515,9825,10136,10544,10952,11361,11769,12177,12585,12993,13402,13810,14218,14211,14204,14197,14190,14183,14176,14169,14162,14155,14148,14197,14246,14295,14344,14392,14441,14490,14539,14588,14637,14798,14959,15120,15281,15442,15602,15763,15924,16085,16246,16308,16370,16432,16494,16556,16617,16679,16741,16803,16865,17040,17216,17391,17566,17742,17917,18092,18267,18443,18618,18573,18529,18484,18791,19098
Framingham,10545,10884,11222,11561,11900,12238,12577,12916,13254,13593,13932,14271,14609,14948,15156,15365,15574,15782,15990,16199,16408,16616,16824,17033,17551,18068,18586,19104,19622,20139,20657,21175,21692,22210,22310,22411,22511,22612,22712,22812,22913,23013,23114,23214,23701,24188,24676,25163,25650,26137,26624,27112,27599,28086,29730,31374,33018,34662,36306,37950,39594,41238,42882,44526,46478,48430,50383,52335,54287,56239,58191,60144,62096,64048,64154,64261,64368,64474,64580,64687,64794,64900,65006,65113,65101,65088,65076,65063,65051,65039,65026,65014,65001,64989,65181,65373,65565,65757,65950,66142,66334,66526,66718,66910,67051,67192,67332,67473,67614,67755,67896,68036,68177,68318,68722,69127,69531,69936,70340,70744,71149,71553,71958,72362,72200,72037,71875,73361,74847
Franklin,4830,4892,4955,5017,5079,5142,5204,5267,5329,5391,5454,5516,5579,5641,5727,5812,5898,5983,6069,6155,6240,6326,6411,6497,6550,6603,6656,6709,6762,6816,6869,6922,6975,7028,7056,7083,7110,7138,7166,7193,7220,7248,7276,7303,7376,7450,7523,7597,7670,7743,7817,7890,7964,8037,8286,8536,8785,9034,9284,9533,9782,10031,10281,10530,11260,11990,12720,13450,14180,14910,15640,16370,17100,17830,17869,17907,17946,17985,18024,18062,18101,18140,18178,18217,18605,18993,19380,19768,20156,20544,20932,21319,21707,22095,22842,23588,24334,25081,25828,26574,27320,28067,28814,29560,29768,29975,30182,30390,30598,30805,31012,31220,31428,31635,31798,31960,32123,32285,32448,32611,32773,32936,33098,33261,33216,33170,33125,33742,34359
Gloucester,26638,26466,26293,26121,25949,25776,25604,25432,25260,25087,24915,24743,24570,24398,24223,24048,23873,23698,23522,23347,23172,22997,22822,22647,22803,22958,23114,23270,23426,23581,23737,23893,24048,24204,24188,24172,24157,24141,24125,24109,24093,24078,24062,24046,24158,24270,24382,24494,24606,24719,24831,24943,25055,25167,25229,25291,25354,25416,25478,25540,25602,25665,25727,25789,26004,26219,26435,26650,26865,27080,27295,27511,27726,27941,27924,27906,27889,27872,27854,27837,27820,27803,27785,27768,27863,27958,28052,28147,28242,28337,28432,28526,28621,28716,28872,29027,29183,29339,29494,29650,29806,29962,30117,30273,30125,29976,29828,29679,29531,29383,29234,29086,28937,28789,28883,28977,29071,29165,29259,29353,29447,29541,29635,29729,29806,29882,29959,30491,31023
Hamilton,1574,1587,1600,1614,1628,1641,1654,1668,1682,1695,1708,1722,1736,1749,1737,1725,1714,1702,1690,1678,1666,1655,1643,1631,1672,1714,1755,1796,1838,1879,1920,1961,2003,2044,2043,2043,2042,2041,2040,2040,2039,2038,2038,2037,2110,2182,2255,2328,2400,2473,2546,2619,2691,2764,3036,3309,3581,3854,4126,4398,4671,4943,5216,5488,5576,5665,5754,5842,5930,6019,6108,6196,6284,6373,6432,6490,6549,6608,6666,6725,6784,6843,6901,6960,6992,7024,7056,7088,7120,7152,7184,7216,7248,7280,7384,7487,7590,7694,7798,7901,8004,8108,8212,8315,8260,8205,8150,8095,8040,7984,7929,7874,7819,7764,7744,7723,7703,7683,7662,7642,7622,7602,7581,7561,7569,7578,7586,7670,7754
Hanover,2100,2117,2135,2152,2169,2187,2204,2222,2239,2256,2274,2291,2309,2326,2351,2376,2401,2426,2450,2475,2500,2525,2550,2575,2598,2622,2645,2668,2692,2715,2738,2761,2785,2808,2815,2821,2828,2835,2842,2848,2855,2862,2868,2875,2926,2978,3029,3081,3132,3183,3235,3286,3338,3389,3642,3896,4149,4403,4656,4909,5163,5416,5670,5923,6341,6760,7178,7597,8015,8433,8852,9270,9689,10107,10232,10357,10482,10607,10732,10858,10983,11108,11233,11358,11413,11469,11524,11580,11635,11690,11746,11801,11857,11912,12037,12162,12288,12413,12538,12663,12788,12914,13039,13164,13236,13307,13378,13450,13522,13593,13664,13736,13808,13879,13974,14070,14165,14261,14356,14451,14547,14642,14738,14833,14806,14780,14753,14887,15021
Hingham,5087,5078,5068,5059,5050,5040,5031,5021,5012,5003,4993,4984,4974,4965,5029,5093,5157,5221,5284,5348,5412,5476,5540,5604,5709,5815,5920,6025,6130,6236,6341,6446,6552,6657,6792,6926,7061,7195,7330,7465,7599,7734,7868,8003,8269,8535,8802,9068,9334,9600,9866,10133,10399,10665,11136,11608,12079,12550,13022,13493,13964,14435,14907,15378,15725,16071,16418,16765,17112,17458,17805,18152,18498,18845,18994,19144,19293,19443,19592,19741,19891,20040,20190,20339,20287,20235,20184,20132,20080,20028,19976,19925,19873,19821,19827,19833,19839,19845,19852,19858,19864,19870,19876,19882,20110,20337,20564,20792,21020,21247,21474,21702,21930,22157,22370,22582,22795,23008,23220,23433,23646,23859,24071,24284,24252,24221,24189,24414,24639
Holbrook,2055,2113,2171,2229,2287,2345,2403,2461,2520,2578,2636,2694,2752,2810,2843,2876,2909,2942,2976,3009,3042,3075,3108,3141,3162,3183,3205,3226,3247,3268,3289,3311,3332,3353,3351,3348,3346,3344,3342,3339,3337,3335,3332,3330,3397,3465,3532,3600,3667,3734,3802,3869,3937,4004,4614,5224,5834,6444,7054,7664,8274,8884,9494,10104,10271,10438,10605,10772,10940,11107,11274,11441,11608,11775,11712,11648,11584,11521,11458,11394,11330,11267,11204,11140,11130,11120,11110,11100,11090,11081,11071,11061,11051,11041,11015,10990,10964,10939,10913,10887,10862,10836,10811,10785,10786,10786,10787,10787,10788,10789,10789,10790,10790,10791,10852,10914,10975,11037,11098,11159,11221,11282,11344,11405,11365,11324,11284,11475,11666
Holliston,2564,2575,2587,2598,2609,2621,2632,2643,2654,2666,2677,2688,2700,2711,2650,2589,2528,2467,2406,2345,2284,2223,2162,2101,2177,2254,2330,2406,2482,2559,2635,2711,2788,2864,2878,2891,2905,2918,2932,2946,2959,2973,2986,3000,3075,3151,3226,3301,3376,3452,3527,3602,3678,3753,4000,4247,4494,4741,4988,5234,5481,5728,5975,6222,6807,7391,7976,8561,9146,9730,10315,10900,11484,12069,12124,12180,12235,12290,12346,12401,12456,12511,12567,12622,12652,12683,12713,12744,12774,12804,12835,12865,12896,12926,13014,13101,13188,13276,13364,13451,13538,13626,13714,13801,13776,13750,13725,13699,13674,13649,13623,13598,13572,13547,13692,13837,13982,14127,14272,14416,14561,14706,14851,14996,15002,15009,15015,15347,15679
Hopkinton,2674,2657,2640,2623,2606,2589,2572,2555,2538,2520,2503,2486,2469,2452,2436,2419,2403,2387,2370,2354,2338,2322,2305,2289,2316,2344,2371,2399,2426,2453,2481,2508,2536,2563,2576,2590,2603,2617,2630,2643,2657,2670,2684,2697,2776,2855,2934,3013,3092,3170,3249,3328,3407,3486,3631,3775,3920,4064,4209,4354,4498,4643,4787,4932,5037,5142,5247,5352,5456,5561,5666,5771,5876,5981,6094,6208,6321,6434,6548,6661,6774,6887,7001,7114,7322,7529,7737,7945,8152,8360,8568,8776,8983,9191,9606,10022,10438,10853,11268,11684,12100,12515,12930,13346,13504,13662,13820,13978,14136,14293,14451,14609,14767,14925,15308,15692,16075,16458,16842,17225,17608,17991,18375,18758,19019,19279,19540,19971,20402
Hudson,5067,5196,5325,5454,5583,5712,5841,5970,6098,6227,6356,6485,6614,6743,6829,6916,7002,7089,7175,7261,7348,7434,7521,7607,7693,7779,7866,7952,8038,8124,8210,8297,8383,8469,8426,8384,8341,8298,8256,8213,8170,8127,8085,8042,8059,8076,8093,8110,8126,8143,8160,8177,8194,8211,8356,8502,8648,8793,8938,9084,9230,9375,9520,9666,10308,10950,11591,12233,12875,13517,14159,14800,15442,16084,16116,16149,16181,16214,16246,16278,16311,16343,16376,16408,16490,16573,16656,16738,16820,16903,16986,17068,17150,17233,17321,17409,17497,17585,17673,17761,17849,17937,18025,18113,18208,18303,18398,18493,18588,18683,18778,18873,18968,19063,19166,19269,19372,19475,19578,19680,19783,19886,19989,20092,20029,19967,19904,20364,20824
Hull,1583,1623,1663,1703,1743,1783,1823,1863,1903,1943,1983,2023,2063,2103,2070,2037,2003,1970,1937,1904,1871,1837,1804,1771,1799,1826,1854,1881,1909,1937,1964,1992,2019,2047,2059,2071,2083,2095,2107,2119,2131,2143,2155,2167,2288,2409,2531,2652,2773,2894,3015,3137,3258,3379,3747,4114,4482,4849,5217,5585,5952,6320,6687,7055,7346,7636,7927,8217,8508,8799,9089,9380,9670,9961,9936,9912,9887,9862,9838,9813,9788,9763,9739,9714,9789,9864,9940,10015,10090,10165,10240,10316,10391,10466,10524,10583,10641,10700,10758,10816,10875,10933,10992,11050,10974,10899,10823,10747,10672,10596,10520,10444,10369,10293,10271,10249,10227,10205,10182,10160,10138,10116,10094,10072,10084,10096,10108,10278,10448
Ipswich,4751,4830,4909,4988,5067,5146,5225,5304,5382,5461,5540,5619,5698,5777,5819,5862,5904,5947,5989,6031,6074,6116,6159,6201,6141,6081,6020,5960,5900,5840,5780,5719,5659,5599,5674,5749,5824,5899,5974,6048,6123,6198,6273,6348,6403,6457,6512,6567,6622,6676,6731,6786,6840,6895,7060,7225,7390,7555,7720,7884,8049,8214,8379,8544,8765,8985,9206,9426,9647,9868,10088,10309,10529,10750,10791,10832,10872,10913,10954,10995,11036,11076,11117,11158,11230,11301,11372,11444,11516,11587,11658,11730,11802,11873,11984,12096,12207,12319,12430,12541,12653,12764,12876,12987,13006,13025,13043,13062,13081,13100,13119,13137,13156,13175,13236,13297,13358,13419,13480,13541,13602,13663,13724,13785,13824,13864,13903,14110,14317
Lexington,3775,3794,3812,3831,3850,3868,3887,3906,3924,3943,3962,3981,3999,4018,4251,4484,4718,4951,5184,5417,5650,5884,6117,6350,6662,6973,7285,7597,7908,8220,8532,8844,9155,9467,9839,10211,10583,10955,11327,11699,12071,12443,12815,13187,13602,14017,14431,14846,15261,15676,16091,16505,16920,17335,18371,19406,20442,21477,22513,23549,24584,25620,26655,27691,28110,28530,28950,29369,29788,30208,30628,31047,31466,31886,31645,31405,31164,30923,30682,30442,30201,29960,29720,29479,29428,29378,29328,29277,29226,29176,29126,29075,29024,28974,29112,29250,29388,29526,29664,29803,29941,30079,30217,30355,30459,30563,30667,30771,30874,30978,31082,31186,31290,31394,31700,32006,32312,32618,32924,33230,33536,33842,34148,34454,34263,34073,33882,34743,35604
Lincoln,1113,1117,1122,1127,1132,1137,1141,1146,1151,1156,1161,1165,1170,1175,1162,1148,1135,1122,1108,1095,1082,1069,1055,1042,1087,1132,1177,1222,1268,1313,1358,1403,1448,1493,1522,1551,1580,1609,1638,1667,1696,1725,1754,1783,1847,1912,1976,2041,2105,2169,2234,2298,2363,2427,2746,3064,3383,3701,4020,4339,4657,4976,5294,5613,5808,6004,6199,6395,6590,6785,6981,7176,7372,7567,7520,7473,7426,7379,7332,7286,7239,7192,7145,7098,7155,7212,7268,7325,7382,7439,7496,7552,7609,7666,7705,7744,7783,7822,7861,7900,7939,7978,8017,8056,7887,7717,7548,7378,7209,7040,6870,6701,6531,6362,6427,6492,6558,6623,6688,6753,6818,6884,6949,7014,6972,6931,6889,6996,7103
Littleton,1166,1170,1174,1179,1184,1188,1192,1197,1202,1206,1210,1215,1220,1224,1229,1235,1240,1245,1250,1256,1261,1266,1272,1277,1294,1311,1328,1345,1362,1379,1396,1413,1430,1447,1467,1488,1508,1529,1549,1569,1590,1610,1631,1651,1721,1791,1860,1930,2000,2070,2140,2209,2279,2349,2625,2901,3177,3453,3729,4005,4281,4557,4833,5109,5236,5363,5490,5617,5744,5872,5999,6126,6253,6380,6439,6498,6557,6616,6675,6734,6793,6852,6911,6970,6978,6986,6994,7002,7010,7019,7027,7035,7043,7051,7164,7278,7391,7504,7618,7731,7844,7957,8071,8184,8258,8332,8406,8480,8554,8628,8702,8776,8850,8924,9046,9167,9289,9411,9532,9654,9776,9898,10019,10141,10178,10214,10251,10495,10739
Lynn,62266,64348,66431,68513,70595,72678,74760,76842,78924,81007,83089,85171,87254,89336,90317,91298,92280,93261,94242,95223,96204,97186,98167,99148,99465,99782,100100,100417,100734,101051,101368,101686,102003,102320,101900,101481,101061,100641,100222,99802,99382,98962,98543,98123,98284,98446,98608,98769,98930,99092,99254,99415,99576,99738,99212,98686,98160,97634,97108,96582,96056,95530,95004,94478,94060,93641,93223,92804,92386,91968,91549,91131,90712,90294,89112,87929,86747,85565,84382,83200,82018,80836,79653,78471,78748,79026,79303,79581,79858,80135,80413,80690,80968,81245,82026,82806,83586,84367,85148,85928,86708,87489,88270,89050,89178,89306,89434,89562,89690,89817,89945,90073,90201,90329,91421,92514,93606,94699,95791,96883,97976,99068,100161,101253,101249,101245,101241,103489,105737
Lynnfield,881,883,886,888,890,893,895,897,900,902,904,906,909,911,934,958,981,1005,1028,1051,1075,1098,1122,1145,1190,1235,1280,1325,1370,1414,1459,1504,1549,1594,1663,1733,1802,1871,1940,2010,2079,2148,2218,2287,2451,2615,2779,2943,3107,3271,3435,3599,3763,3927,4374,4821,5268,5715,6162,6610,7057,7504,7951,8398,8641,8884,9126,9369,9612,9855,10098,10340,10583,10826,10870,10914,10958,11002,11046,11091,11135,11179,11223,11267,11268,11268,11269,11270,11270,11271,11272,11273,11273,11274,11301,11328,11354,11381,11408,11435,11462,11488,11515,11542,11547,11553,11558,11564,11569,11574,11580,11585,11591,11596,11736,11877,12017,12158,12298,12438,12579,12719,12860,13000,13011,13023,13034,13230,13426
Malden,30438,31512,32587,33661,34735,35810,36884,37958,39032,40107,41181,42255,43330,44404,44874,45344,45814,46284,46754,47223,47693,48163,48633,49103,49996,50890,51783,52676,53570,54463,55356,56249,57143,58036,58033,58031,58028,58026,58023,58020,58018,58015,58013,58010,58189,58369,58548,58728,58907,59086,59266,59445,59625,59804,59591,59378,59166,58953,58740,58527,58314,58102,57889,57676,57521,57366,57211,57056,56902,56747,56592,56437,56282,56127,55853,55579,55305,55031,54756,54482,54208,53934,53660,53386,53436,53486,53535,53585,53635,53685,53735,53784,53834,53884,54130,54376,54622,54868,55114,55361,55607,55853,56099,56345,56656,56966,57276,57587,57898,58208,58518,58829,59140,59450,60131,60813,61494,62175,62856,63538,64219,64900,65582,66263,65886,65510,65133,66693,68253
Manchester,2477,2492,2507,2522,2537,2552,2567,2582,2598,2613,2628,2643,2658,2673,2652,2632,2611,2590,2570,2549,2528,2507,2487,2466,2483,2500,2517,2534,2551,2568,2585,2602,2619,2636,2620,2603,2587,2570,2554,2538,2521,2505,2488,2472,2512,2551,2591,2630,2670,2710,2749,2789,2828,2868,2974,3081,3187,3294,3400,3506,3613,3719,3826,3932,4054,4176,4298,4420,4542,4663,4785,4907,5029,5151,5178,5206,5233,5260,5288,5315,5342,5369,5397,5424,5410,5396,5383,5369,5355,5341,5327,5314,5300,5286,5280,5274,5269,5263,5257,5251,5245,5240,5234,5228,5219,5210,5200,5191,5182,5173,5164,5154,5145,5136,5162,5188,5214,5240,5266,5291,5317,5343,5369,5395,5395,5396,5396,5467,5538
Marblehead,7785,7751,7716,7682,7648,7613,7579,7544,7510,7476,7441,7407,7372,7338,7337,7335,7334,7332,7331,7330,7328,7327,7325,7324,7458,7593,7727,7862,7996,8130,8265,8399,8534,8668,8887,9106,9324,9543,9762,9981,10200,10418,10637,10856,11147,11438,11729,12020,12310,12601,12892,13183,13474,13765,14241,14716,15192,15667,16143,16619,17094,17570,18045,18521,18798,19076,19353,19631,19908,20185,20463,20740,21018,21295,21178,21061,20944,20827,20710,20594,20477,20360,20243,20126,20110,20095,20080,20064,20048,20033,20018,20002,19986,19971,20012,20052,20093,20133,20174,20215,20255,20296,20336,20377,20320,20263,20206,20149,20092,20036,19979,19922,19865,19808,19871,19935,19998,20061,20124,20188,20251,20314,20378,20441,20393,20344,20296,20576,20856
Marlborough,12980,13103,13226,13349,13472,13595,13718,13841,13964,14087,14210,14333,14456,14579,14675,14770,14866,14961,15057,15153,15248,15344,15439,15535,15540,15545,15551,15556,15561,15566,15571,15577,15582,15587,15544,15500,15457,15414,15370,15327,15284,15241,15197,15154,15214,15274,15335,15395,15455,15515,15575,15636,15696,15756,16062,16369,16675,16981,17288,17594,17900,18206,18513,18819,19731,20642,21554,22466,23378,24289,25201,26113,27024,27936,28204,28472,28740,29008,29276,29545,29813,30081,30349,30617,30737,30856,30976,31095,31215,31335,31454,31574,31693,31813,32257,32701,33146,33590,34034,34478,34922,35367,35811,36255,36479,36704,36928,37153,37377,37601,37826,38050,38275,38499,38828,39158,39487,39817,40146,40475,40805,41134,41464,41793,41588,41384,41179,42169,43159
Marshfield,1817,1814,1812,1810,1808,1806,1803,1801,1799,1797,1795,1792,1790,1788,1747,1706,1665,1624,1584,1543,1502,1461,1420,1379,1404,1428,1453,1477,1502,1527,1551,1576,1600,1625,1704,1784,1863,1943,2022,2101,2181,2260,2340,2419,2504,2589,2673,2758,2843,2928,3013,3097,3182,3267,3615,3963,4311,4659,5008,5356,5704,6052,6400,6748,7596,8443,9290,10138,10986,11833,12680,13528,14376,15223,15792,16362,16931,17500,18070,18639,19208,19777,20347,20916,20978,21039,21100,21162,21224,21285,21346,21408,21470,21531,21810,22090,22369,22648,22928,23207,23486,23765,24045,24324,24405,24486,24566,24647,24728,24809,24890,24970,25051,25132,25201,25271,25340,25409,25478,25548,25617,25686,25756,25825,25805,25785,25765,26043,26321
Maynard,12538,12695,12852,13009,13166,13323,13480,13637,13794,13951,14108,14265,14422,14579,14624,14669,14714,14759,14804,14848,14893,14938,14983,15028,14241,13454,12666,11879,11092,10305,9518,8730,7943,7156,7122,7087,7053,7018,6984,6950,6915,6881,6846,6812,6829,6845,6862,6878,6895,6912,6928,6945,6961,6978,7050,7121,7193,7265,7336,7408,7480,7552,7623,7695,7896,8098,8300,8501,8702,8904,9106,9307,9508,9710,9698,9686,9674,9662,9650,9638,9626,9614,9602,9590,9664,9737,9810,9884,9958,10031,10104,10178,10252,10325,10336,10347,10357,10368,10379,10390,10401,10411,10422,10433,10400,10368,10335,10302,10270,10237,10204,10171,10139,10106,10170,10234,10298,10362,10426,10490,10554,10618,10682,10746,10699,10651,10604,10820,11036
Medfield,2764,2818,2872,2926,2980,3034,3088,3142,3196,3250,3304,3358,3412,3466,3479,3492,3505,3518,3530,3543,3556,3569,3582,3595,3642,3689,3736,3783,3830,3878,3925,3972,4019,4066,4098,4130,4161,4193,4225,4257,4289,4320,4352,4384,4400,4417,4434,4450,4466,4483,4500,4516,4532,4549,4696,4843,4991,5138,5285,5432,5579,5727,5874,6021,6401,6781,7161,7541,7921,8301,8681,9061,9441,9821,9861,9901,9941,9981,10020,10060,10100,10140,10180,10220,10251,10282,10313,10344,10376,10407,10438,10469,10500,10531,10705,10879,11054,11228,11402,11576,11750,11925,12099,12273,12248,12223,12198,12173,12148,12124,12099,12074,12049,12024,12102,12179,12256,12334,12412,12489,12566,12644,12722,12799,12895,12992,13088,13334,13580
Medford,16769,17261,17752,18244,18736,19227,19719,20210,20702,21194,21685,22177,22668,23160,24748,26336,27923,29511,31099,32687,34275,35862,37450,39038,41106,43173,45241,47308,49376,51444,53511,55579,57646,59714,60051,60388,60725,61062,61398,61735,62072,62409,62746,63083,63386,63689,63992,64295,64598,64901,65204,65507,65810,66113,65999,65885,65770,65656,65542,65428,65314,65199,65085,64971,64914,64856,64799,64741,64684,64627,64569,64512,64454,64397,63765,63133,62501,61869,61236,60604,59972,59340,58708,58076,58009,57942,57875,57808,57742,57675,57608,57541,57474,57407,57230,57053,56876,56699,56522,56346,56169,55992,55815,55638,55692,55745,55798,55852,55906,55959,56012,56066,56120,56173,56522,56870,57219,57567,57916,58265,58613,58962,59310,59659,59354,59049,58744,59898,61052
Medway,2780,2774,2768,2761,2754,2748,2742,2735,2728,2722,2716,2709,2702,2696,2722,2748,2774,2800,2826,2852,2878,2904,2930,2956,2976,2995,3015,3035,3054,3074,3094,3114,3133,3153,3167,3182,3196,3211,3225,3239,3254,3268,3283,3297,3342,3386,3431,3476,3520,3565,3610,3655,3699,3744,3886,4029,4171,4314,4456,4598,4741,4883,5026,5168,5445,5722,5999,6276,6553,6830,7107,7384,7661,7938,7989,8040,8091,8142,8192,8243,8294,8345,8396,8447,8595,8744,8892,9041,9189,9337,9486,9634,9783,9931,10183,10434,10686,10938,11190,11441,11693,11945,12196,12448,12478,12509,12539,12570,12600,12630,12661,12691,12722,12752,12788,12825,12861,12897,12934,12970,13006,13042,13079,13115,13263,13412,13560,13836,14112
Melrose,12136,12411,12687,12962,13237,13513,13788,14063,14338,14614,14889,15164,15440,15715,15964,16213,16462,16711,16960,17208,17457,17706,17955,18204,18701,19197,19694,20190,20687,21184,21680,22177,22673,23170,23386,23603,23819,24035,24252,24468,24684,24900,25117,25333,25498,25664,25830,25995,26160,26326,26492,26657,26822,26988,27251,27514,27777,28040,28304,28567,28830,29093,29356,29619,29975,30331,30687,31043,31400,31756,32112,32468,32824,33180,32868,32555,32242,31930,31618,31305,30992,30680,30368,30055,29864,29674,29484,29293,29102,28912,28722,28531,28340,28150,28048,27947,27845,27744,27642,27540,27439,27337,27236,27134,27119,27104,27089,27074,27058,27043,27028,27013,26998,26983,27266,27550,27833,28117,28400,28683,28967,29250,29534,29817,29664,29510,29357,29938,30519
Middleton,752,781,810,839,868,897,926,955,984,1013,1042,1071,1100,1129,1133,1136,1140,1143,1147,1151,1154,1158,1161,1165,1220,1274,1329,1384,1438,1493,1548,1603,1657,1712,1776,1839,1903,1966,2030,2094,2157,2221,2284,2348,2405,2462,2518,2575,2632,2689,2746,2802,2859,2916,2996,3076,3157,3237,3317,3397,3477,3558,3638,3718,3751,3783,3816,3848,3881,3914,3946,3979,4011,4044,4053,4062,4071,4080,4090,4099,4108,4117,4126,4135,4214,4292,4371,4449,4528,4607,4685,4764,4842,4921,5203,5486,5768,6050,6332,6615,6897,7179,7462,7744,7868,7993,8117,8241,8366,8490,8614,8738,8863,8987,9066,9145,9225,9304,9383,9462,9541,9621,9700,9779,9802,9826,9849,9959,10069
Milford,10872,11040,11208,11376,11544,11712,11880,12048,12216,12383,12551,12719,12887,13055,13097,13138,13180,13221,13263,13305,13346,13388,13429,13471,13598,13725,13852,13979,14106,14233,14360,14487,14614,14741,14806,14870,14935,15000,15064,15129,15194,15259,15323,15388,15393,15399,15404,15410,15415,15420,15426,15431,15437,15442,15473,15503,15534,15565,15596,15626,15657,15688,15718,15749,16109,16470,16830,17190,17550,17911,18271,18631,18992,19352,19756,20160,20563,20967,21371,21775,22179,22582,22986,23390,23586,23783,23980,24176,24372,24569,24766,24962,25158,25355,25492,25628,25764,25901,26038,26174,26310,26447,26584,26720,26848,26976,27104,27232,27360,27487,27615,27743,27871,27999,28237,28475,28713,28951,29189,29427,29665,29903,30141,30379,30338,30298,30257,30640,31023
Millis,952,986,1019,1053,1087,1120,1154,1188,1222,1255,1289,1323,1356,1390,1400,1409,1418,1428,1438,1447,1456,1466,1476,1485,1510,1536,1561,1586,1612,1637,1662,1687,1713,1738,1792,1846,1900,1954,2008,2062,2116,2170,2224,2278,2305,2333,2360,2387,2414,2442,2469,2496,2524,2551,2733,2916,3098,3280,3462,3645,3827,4009,4192,4374,4505,4636,4768,4899,5030,5161,5292,5424,5555,5686,5808,5930,6053,6175,6297,6419,6541,6664,6786,6908,6978,7049,7120,7190,7260,7331,7402,7472,7542,7613,7642,7671,7700,7729,7758,7786,7815,7844,7873,7902,7901,7900,7899,7898,7896,7895,7894,7893,7892,7891,7948,8005,8062,8119,8176,8232,8289,8346,8403,8460,8646,8832,9018,9338,9658
Milton,6444,6489,6533,6578,6623,6667,6712,6756,6801,6846,6890,6935,6979,7024,7360,7696,8031,8367,8703,9039,9375,9710,10046,10382,10987,11592,12198,12803,13408,14013,14618,15224,15829,16434,16661,16889,17116,17344,17571,17798,18026,18253,18481,18708,19077,19445,19814,20183,20552,20920,21289,21658,22026,22395,22793,23191,23589,23987,24385,24783,25181,25579,25977,26375,26456,26538,26620,26701,26782,26864,26946,27027,27108,27190,27057,26924,26791,26658,26525,26392,26259,26126,25993,25860,25846,25833,25820,25806,25792,25779,25766,25752,25738,25725,25759,25792,25826,25860,25894,25927,25961,25995,26028,26062,26156,26250,26344,26438,26532,26627,26721,26815,26909,27003,27166,27328,27491,27654,27816,27979,28142,28305,28467,28630,28545,28459,28374,28811,29248
Nahant,1142,1146,1149,1152,1155,1158,1162,1165,1168,1171,1174,1178,1181,1184,1197,1211,1224,1238,1251,1264,1278,1291,1305,1318,1352,1385,1419,1452,1486,1520,1553,1587,1620,1654,1672,1690,1708,1726,1744,1763,1781,1799,1817,1835,1919,2004,2088,2173,2257,2341,2426,2510,2595,2679,2807,2935,3063,3191,3320,3448,3576,3704,3832,3960,3976,3992,4008,4024,4040,4055,4071,4087,4103,4119,4102,4085,4067,4050,4033,4016,3999,3981,3964,3947,3935,3923,3911,3899,3888,3876,3864,3852,3840,3828,3808,3789,3769,3750,3730,3710,3691,3671,3652,3632,3610,3588,3565,3543,3521,3499,3477,3454,3432,3410,3402,3395,3387,3380,3372,3364,3357,3349,3342,3334,3323,3311,3300,3338,3376
Natick,9375,9412,9450,9488,9526,9564,9601,9639,9677,9715,9753,9790,9828,9866,9880,9894,9908,9922,9936,9951,9965,9979,9993,10007,10365,10723,11082,11440,11798,12156,12514,12873,13231,13589,13615,13641,13668,13694,13720,13746,13772,13799,13825,13851,14450,15048,15647,16246,16844,17443,18042,18641,19239,19838,20737,21637,22536,23435,24334,25234,26133,27032,27932,28831,29054,29276,29499,29721,29944,30167,30389,30612,30834,31057,30897,30738,30578,30419,30259,30099,29940,29780,29621,29461,29566,29671,29776,29881,29986,30090,30195,30300,30405,30510,30676,30842,31008,31174,31340,31506,31672,31838,32004,32170,32254,32337,32421,32504,32588,32672,32755,32839,32922,33006,33406,33806,34206,34606,35006,35406,35806,36206,36606,37006,36843,36681,36518,37316,38114
Needham,3713,3814,3915,4016,4117,4218,4319,4420,4521,4622,4723,4824,4925,5026,5225,5423,5622,5820,6019,6218,6416,6615,6813,7012,7395,7779,8162,8545,8928,9312,9695,10078,10462,10845,11005,11165,11325,11485,11645,11805,11965,12125,12285,12445,12832,13219,13605,13992,14379,14766,15153,15539,15926,16313,17261,18209,19157,20105,21053,22001,22949,23897,24845,25793,26188,26584,26980,27375,27770,28166,28562,28957,29352,29748,29563,29379,29194,29009,28824,28640,28455,28270,28086,27901,27867,27832,27798,27763,27729,27695,27660,27626,27591,27557,27649,27741,27833,27925,28018,28110,28202,28294,28386,28478,28519,28560,28600,28641,28682,28723,28764,28804,28845,28886,29206,29527,29848,30168,30488,30809,31130,31450,31770,32091,32113,32135,32157,32931,33705
Newton,31721,32343,32965,33587,34209,34831,35453,36075,36696,37318,37940,38562,39184,39806,40431,41056,41680,42305,42930,43555,44180,44804,45429,46054,47976,49898,51821,53743,55665,57587,59509,61432,63354,65276,65736,66195,66655,67115,67574,68034,68494,68954,69413,69873,71085,72297,73509,74721,75934,77146,78358,79570,80782,81994,83033,84072,85111,86150,87189,88228,89267,90306,91345,92384,92252,92120,91989,91857,91725,91593,91461,91330,91198,91066,90322,89577,88833,88088,87344,86600,85855,85111,84366,83622,83518,83415,83311,83207,83104,83000,82896,82792,82689,82585,82710,82834,82959,83083,83208,83333,83457,83582,83706,83831,83962,84094,84226,84357,84488,84620,84752,84883,85014,85146,85524,85901,86279,86657,87034,87412,87790,88168,88545,88923,88754,88584,88415,90700,92985
Norfolk,986,984,982,980,978,976,974,972,970,968,966,964,962,960,980,1000,1020,1040,1060,1079,1099,1119,1139,1159,1186,1213,1240,1267,1294,1321,1348,1375,1402,1429,1516,1602,1688,1775,1862,1948,2034,2121,2208,2294,2335,2376,2417,2458,2499,2540,2581,2622,2663,2704,2781,2857,2934,3011,3088,3164,3241,3318,3394,3471,3590,3708,3826,3945,4064,4182,4300,4419,4538,4656,4827,4997,5168,5339,5510,5680,5851,6022,6192,6363,6654,6944,7235,7526,7816,8107,8398,8689,8979,9270,9389,9508,9627,9746,9865,9984,10103,10222,10341,10460,10537,10613,10690,10767,10844,10920,10997,11074,11150,11227,11270,11314,11358,11401,11444,11488,11532,11575,11618,11662,11639,11617,11594,11962,12330
North Reading,1028,1030,1033,1035,1037,1040,1042,1045,1047,1049,1052,1054,1057,1059,1082,1104,1127,1150,1172,1195,1218,1241,1263,1286,1352,1418,1484,1550,1616,1681,1747,1813,1879,1945,2039,2133,2227,2321,2416,2510,2604,2698,2792,2886,3038,3189,3341,3492,3644,3796,3947,4099,4250,4402,4795,5188,5581,5974,6366,6759,7152,7545,7938,8331,8624,8918,9211,9504,9798,10091,10384,10677,10971,11264,11283,11302,11321,11340,11360,11379,11398,11417,11436,11455,11510,11564,11619,11674,11728,11783,11838,11893,11947,12002,12186,12369,12552,12736,12920,13103,13286,13470,13654,13837,13942,14048,14154,14259,14364,14470,14576,14681,14786,14892,14958,15024,15091,15157,15223,15289,15355,15422,15488,15554,15721,15887,16054,16379,16704
Norwell,1475,1470,1465,1460,1455,1450,1445,1440,1435,1430,1425,1420,1415,1410,1404,1398,1391,1385,1379,1373,1367,1360,1354,1348,1365,1382,1399,1416,1434,1451,1468,1485,1502,1519,1554,1589,1625,1660,1695,1730,1765,1801,1836,1871,1935,2000,2064,2129,2193,2257,2322,2386,2451,2515,2784,3053,3323,3592,3861,4130,4399,4669,4938,5207,5466,5725,5984,6243,6502,6760,7019,7278,7537,7796,7935,8073,8212,8350,8489,8628,8766,8905,9043,9182,9192,9201,9211,9221,9230,9240,9250,9260,9269,9279,9328,9376,9425,9473,9522,9571,9619,9668,9716,9765,9839,9913,9987,10061,10136,10210,10284,10358,10432,10506,10590,10675,10760,10844,10928,11013,11098,11182,11266,11351,11334,11316,11299,11477,11655
Norwood,4721,4974,5227,5480,5733,5986,6239,6492,6746,6999,7252,7505,7758,8011,8473,8934,9396,9857,10319,10781,11242,11704,12165,12627,12869,13111,13354,13596,13838,14080,14322,14565,14807,15049,15082,15116,15149,15183,15216,15249,15283,15316,15350,15383,15508,15634,15759,15884,16010,16135,16260,16385,16511,16636,17462,18288,19115,19941,20767,21593,22419,23246,24072,24898,25490,26081,26673,27265,27856,28448,29040,29632,30223,30815,30705,30594,30484,30373,30263,30153,30042,29932,29821,29711,29610,29509,29408,29307,29206,29104,29003,28902,28801,28700,28689,28677,28666,28655,28644,28632,28621,28610,28598,28587,28588,28590,28592,28593,28594,28596,28598,28599,28600,28602,28903,29204,29505,29806,30106,30407,30708,31009,31310,31611,31484,31357,31230,31764,32298
Peabody,10264,10683,11103,11523,11943,12363,12782,13202,13622,14042,14462,14881,15301,15721,16104,16487,16870,17253,17636,18020,18403,18786,19169,19552,19731,19911,20090,20269,20448,20628,20807,20986,21166,21345,21382,21418,21455,21491,21528,21565,21601,21638,21674,21711,21804,21898,21991,22085,22178,22271,22365,22458,22552,22645,23601,24556,25512,26468,27424,28379,29335,30291,31246,32202,33790,35378,36965,38553,40141,41729,43317,44904,46492,48080,47870,47659,47449,47238,47028,46818,46607,46397,46186,45976,46082,46189,46295,46401,46508,46614,46720,46826,46933,47039,47148,47257,47366,47475,47584,47693,47802,47911,48020,48129,48441,48753,49066,49378,49690,50002,50314,50627,50939,51251,51574,51897,52220,52543,52866,53189,53512,53835,54158,54481,54339,54198,54056,55418,56780
Pembroke,1211,1221,1230,1240,1250,1259,1269,1278,1288,1298,1307,1317,1326,1336,1388,1440,1493,1545,1597,1649,1701,1754,1806,1858,1821,1785,1748,1712,1675,1638,1602,1565,1529,1492,1515,1537,1560,1582,1605,1628,1650,1673,1695,1718,1804,1890,1976,2062,2148,2235,2321,2407,2493,2579,2813,3047,3281,3515,3749,3983,4217,4451,4685,4919,5546,6174,6801,7429,8056,8683,9311,9938,10566,11193,11422,11652,11881,12111,12340,12569,12799,13028,13258,13487,13593,13698,13804,13910,14016,14121,14227,14333,14438,14544,14782,15021,15259,15497,15736,15974,16212,16450,16689,16927,17018,17109,17200,17291,17382,17473,17564,17655,17746,17837,17889,17942,17994,18047,18099,18151,18204,18256,18309,18361,18336,18311,18286,18428,18570
Quincy,21276,22150,23025,23899,24773,25648,26522,27396,28270,29145,30019,30893,31768,32642,34165,35689,37212,38736,40259,41782,43306,44829,46353,47876,50287,52697,55108,57519,59930,62340,64751,67162,69572,71983,72366,72748,73131,73514,73896,74279,74662,75045,75427,75810,76612,77415,78218,79020,79822,80625,81428,82230,83032,83835,84192,84550,84907,85265,85622,85979,86337,86694,87052,87409,87465,87520,87576,87632,87688,87743,87799,87855,87910,87966,87644,87321,86999,86677,86354,86032,85710,85388,85065,84743,84767,84791,84816,84840,84864,84888,84912,84937,84961,84985,85289,85593,85897,86201,86505,86809,87113,87417,87721,88025,88450,88874,89299,89723,90148,90573,90997,91422,91846,92271,93208,94144,95080,96017,96954,97890,98826,99763,100700,101636,101623,101610,101597,103434,105271
Randolph,3901,3931,3962,3993,4024,4055,4085,4116,4147,4178,4209,4239,4270,4301,4346,4392,4438,4483,4528,4574,4620,4665,4710,4756,4936,5115,5295,5475,5654,5834,6014,6194,6373,6553,6661,6769,6877,6985,7094,7202,7310,7418,7526,7634,7869,8104,8338,8573,8808,9043,9278,9512,9747,9982,10874,11766,12657,13549,14441,15333,16225,17116,18008,18900,19714,20527,21340,22154,22968,23781,24594,25408,26222,27035,27153,27272,27390,27508,27626,27745,27863,27981,28100,28218,28406,28593,28780,28968,29156,29343,29530,29718,29906,30093,30180,30267,30354,30441,30528,30615,30702,30789,30876,30963,31078,31193,31308,31423,31538,31652,31767,31882,31997,32112,32399,32686,32974,33261,33548,33835,34122,34410,34697,34984,34818,34653,34487,35114,35741
Reading,4714,4799,4884,4969,5054,5139,5224,5309,5394,5478,5563,5648,5733,5818,5980,6142,6304,6466,6628,6791,6953,7115,7277,7439,7672,7905,8137,8370,8603,8836,9069,9301,9534,9767,9877,9987,10097,10207,10316,10426,10536,10646,10756,10866,11180,11494,11808,12122,12436,12750,13064,13378,13692,14006,14531,15057,15582,16107,16632,17158,17683,18208,18734,19259,19587,19915,20243,20571,20899,21227,21555,21883,22211,22539,22553,22567,22581,22595,22608,22622,22636,22650,22664,22678,22664,22650,22636,22622,22608,22595,22581,22567,22553,22539,22656,22773,22890,23007,23124,23241,23358,23475,23592,23709,23813,23917,24020,24124,24228,24332,24436,24539,24643,24747,24824,24901,24978,25055,25132,25210,25287,25364,25441,25518,25488,25458,25428,26041,26654
Revere,11499,12016,12533,13050,13567,14084,14601,15118,15634,16151,16668,17185,17702,18219,19279,20340,21400,22461,23521,24581,25642,26702,27763,28823,29509,30194,30880,31566,32252,32937,33623,34309,34994,35680,35552,35425,35298,35170,35042,34915,34788,34660,34532,34405,34641,34877,35112,35348,35584,35820,36056,36291,36527,36763,37095,37426,37758,38090,38422,38753,39085,39417,39748,40080,40388,40696,41004,41312,41620,41927,42235,42543,42851,43159,43085,43012,42938,42865,42791,42717,42644,42570,42497,42423,42459,42496,42532,42568,42604,42641,42677,42713,42750,42786,43236,43685,44135,44585,45034,45484,45934,46384,46833,47283,47730,48177,48625,49072,49519,49966,50413,50861,51308,51755,52798,53841,54884,55927,56970,58014,59057,60100,61143,62186,60775,59365,57954,60702,63450
Rockland,4847,5007,5167,5327,5487,5647,5807,5967,6128,6288,6448,6608,6768,6928,6990,7051,7113,7174,7236,7298,7359,7421,7482,7544,7542,7540,7538,7536,7534,7532,7530,7528,7526,7524,7580,7637,7693,7749,7806,7862,7918,7974,8031,8087,8174,8262,8349,8436,8524,8611,8698,8785,8873,8960,9376,9792,10208,10624,11040,11455,11871,12287,12703,13119,13374,13630,13886,14141,14396,14652,14908,15163,15418,15674,15676,15678,15680,15682,15684,15687,15689,15691,15693,15695,15738,15781,15823,15866,15909,15952,15995,16037,16080,16123,16278,16432,16587,16742,16896,17051,17206,17361,17515,17670,17652,17634,17616,17598,17580,17561,17543,17525,17507,17489,17520,17552,17583,17615,17646,17677,17709,17740,17772,17803,17733,17664,17594,17708,17822
Rockport,4706,4668,4630,4592,4554,4516,4478,4440,4402,4363,4325,4287,4249,4211,4178,4144,4111,4078,4044,4011,3978,3945,3911,3878,3853,3828,3804,3779,3754,3729,3704,3680,3655,3630,3623,3615,3608,3600,3593,3586,3578,3571,3563,3556,3624,3691,3758,3826,3894,3961,4028,4096,4164,4231,4270,4308,4346,4385,4424,4462,4500,4539,4578,4616,4718,4820,4922,5024,5126,5228,5330,5432,5534,5636,5707,5778,5849,5920,5990,6061,6132,6203,6274,6345,6459,6572,6686,6800,6914,7027,7141,7255,7368,7482,7510,7539,7568,7596,7624,7653,7682,7710,7738,7767,7686,7604,7522,7441,7360,7278,7196,7115,7034,6952,6956,6960,6964,6968,6972,6976,6980,6984,6988,6992,6991,6989,6988,7091,7194
Salem,33634,34408,35182,35956,36730,37504,38278,39052,39826,40601,41375,42149,42923,43697,43590,43483,43377,43270,43163,43056,42949,42843,42736,42629,42701,42774,42846,42919,42991,43063,43136,43208,43281,43353,43139,42925,42711,42497,42283,42069,41855,41641,41427,41213,41280,41346,41413,41480,41546,41613,41680,41747,41813,41880,41613,41346,41079,40812,40546,40279,40012,39745,39478,39211,39346,39480,39614,39749,39884,40018,40152,40287,40422,40556,40322,40089,39855,39622,39388,39154,38921,38687,38454,38220,38207,38194,38181,38168,38156,38143,38130,38117,38104,38091,38323,38554,38786,39017,39249,39481,39712,39944,40175,40407,40500,40594,40687,40780,40874,40967,41060,41153,41247,41340,41654,41968,42282,42596,42910,43224,43538,43852,44166,44480,44568,44656,44744,45677,46610
Saugus,4191,4488,4784,5081,5378,5674,5971,6267,6564,6861,7157,7454,7750,8047,8330,8612,8895,9178,9460,9743,10026,10309,10591,10874,11257,11639,12022,12404,12787,13170,13552,13935,14317,14700,14712,14725,14738,14750,14762,14775,14788,14800,14812,14825,15059,15292,15526,15760,15994,16227,16461,16695,16928,17162,17512,17863,18213,18564,18914,19264,19615,19965,20316,20666,21110,21555,21999,22444,22888,23332,23777,24221,24666,25110,25074,25037,25001,24964,24928,24892,24855,24819,24782,24746,24826,24907,24987,25067,25148,25228,25308,25388,25469,25549,25602,25655,25708,25761,25814,25866,25919,25972,26025,26078,26133,26188,26243,26298,26353,26408,26463,26518,26573,26628,26827,27026,27225,27424,27624,27823,28022,28221,28420,28619,28623,28626,28630,29029,29428
Scituate,2466,2468,2469,2470,2471,2472,2474,2475,2476,2477,2478,2480,2481,2482,2487,2492,2498,2503,2508,2513,2518,2524,2529,2534,2592,2651,2709,2768,2826,2884,2943,3001,3060,3118,3219,3320,3422,3523,3624,3725,3826,3928,4029,4130,4316,4503,4689,4875,5062,5248,5434,5620,5807,5993,6515,7037,7559,8081,8604,9126,9648,10170,10692,11214,11790,12366,12942,13518,14094,14669,15245,15821,16397,16973,17007,17042,17076,17111,17145,17179,17214,17248,17283,17317,17264,17211,17158,17105,17052,16998,16945,16892,16839,16786,16894,17001,17109,17217,17324,17432,17540,17648,17755,17863,17890,17917,17944,17971,17998,18025,18052,18079,18106,18133,18226,18319,18412,18505,18598,18691,18784,18877,18970,19063,19141,19219,19297,19598,19899
Sharon,1907,1938,1969,2000,2031,2062,2093,2124,2155,2186,2217,2248,2279,2310,2320,2329,2339,2349,2358,2368,2378,2388,2397,2407,2501,2596,2690,2785,2879,2973,3068,3162,3257,3351,3390,3428,3467,3505,3544,3583,3621,3660,3698,3737,3848,3959,4070,4181,4292,4403,4514,4625,4736,4847,5369,5892,6414,6936,7458,7981,8503,9025,9548,10070,10300,10529,10759,10989,11218,11448,11678,11908,12137,12367,12490,12614,12737,12861,12984,13107,13231,13354,13478,13601,13793,13984,14176,14367,14559,14751,14942,15134,15325,15517,15706,15895,16084,16273,16462,16652,16841,17030,17219,17408,17428,17449,17469,17490,17510,17530,17551,17571,17592,17612,17708,17805,17901,17997,18094,18190,18286,18382,18479,18575,18531,18486,18442,18762,19082
Sherborn,1500,1494,1488,1483,1478,1472,1466,1461,1456,1450,1444,1439,1434,1428,1441,1454,1467,1480,1493,1506,1519,1532,1545,1558,1496,1435,1374,1312,1250,1189,1128,1066,1004,943,951,959,967,975,982,990,998,1006,1014,1022,1044,1067,1089,1111,1134,1156,1178,1200,1223,1245,1301,1357,1413,1469,1526,1582,1638,1694,1750,1806,1956,2107,2257,2407,2558,2708,2858,3008,3159,3309,3383,3457,3531,3605,3679,3753,3827,3901,3975,4049,4043,4037,4031,4025,4019,4013,4007,4001,3995,3989,4010,4031,4052,4073,4094,4116,4137,4158,4179,4200,4192,4184,4176,4168,4160,4151,4143,4135,4127,4119,4147,4175,4204,4232,4260,4288,4316,4345,4373,4401,4404,4406,4409,4485,4561
Somerville,56965,58524,60084,61643,63202,64762,66321,67880,69440,70999,72558,74117,75677,77236,78822,80407,81992,83578,85164,86749,88334,89920,91506,93091,94173,95254,96336,97418,98500,99581,100663,101745,102826,103908,103735,103562,103389,103216,103042,102869,102696,102523,102350,102177,102194,102212,102229,102247,102264,102281,102299,102316,102334,102351,101586,100820,100055,99289,98524,97759,96993,96228,95462,94697,94105,93513,92922,92330,91738,91146,90554,89963,89371,88779,87638,86498,85357,84216,83076,81935,80794,79653,78513,77372,77256,77140,77023,76907,76791,76675,76559,76442,76326,76210,76349,76488,76627,76766,76905,77044,77183,77322,77461,77600,77415,77231,77046,76862,76677,76492,76308,76123,75939,75754,76283,76812,77341,77870,78400,78929,79458,79987,80516,81045,80832,80620,80407,82149,83891
Southborough,1974,1956,1939,1921,1903,1886,1868,1851,1833,1815,1798,1780,1763,1745,1754,1764,1773,1782,1792,1801,1810,1819,1829,1838,1871,1904,1936,1969,2002,2035,2068,2100,2133,2166,2172,2179,2186,2192,2198,2205,2212,2218,2224,2231,2284,2337,2390,2443,2496,2548,2601,2654,2707,2760,2884,3007,3131,3254,3378,3502,3625,3749,3872,3996,4176,4356,4537,4717,4897,5077,5257,5438,5618,5798,5838,5877,5916,5956,5996,6035,6074,6114,6154,6193,6236,6280,6324,6367,6410,6454,6498,6541,6584,6628,6843,7059,7274,7489,7704,7920,8135,8350,8566,8781,8880,8978,9077,9175,9274,9373,9471,9570,9668,9767,9835,9904,9972,10040,10108,10177,10245,10313,10382,10450,10443,10436,10429,10569,10709
Stoneham,5929,6018,6108,6197,6286,6376,6465,6554,6644,6733,6822,6911,7001,7090,7168,7247,7325,7403,7482,7560,7638,7716,7795,7873,8092,8310,8529,8748,8966,9185,9404,9623,9841,10060,10130,10201,10272,10342,10412,10483,10554,10624,10694,10765,11011,11258,11504,11751,11997,12243,12490,12736,12983,13229,13688,14147,14607,15066,15525,15984,16443,16903,17362,17821,18111,18402,18692,18983,19273,19563,19854,20144,20435,20725,20795,20865,20935,21005,21074,21144,21214,21284,21354,21424,21502,21580,21658,21736,21814,21891,21969,22047,22125,22203,22205,22206,22208,22209,22211,22213,22214,22216,22217,22219,22141,22063,21984,21906,21828,21750,21672,21593,21515,21437,21618,21798,21979,22160,22340,22521,22702,22883,23063,23244,23114,22984,22854,24550,26246
Stoughton,5180,5267,5355,5442,5529,5617,5704,5792,5879,5966,6054,6141,6229,6316,6371,6426,6481,6536,6590,6645,6700,6755,6810,6865,6999,7133,7267,7401,7534,7668,7802,7936,8070,8204,8247,8290,8332,8375,8418,8461,8504,8546,8589,8632,8883,9135,9386,9638,9889,10140,10392,10643,10895,11146,11664,12182,12701,13219,13737,14255,14773,15292,15810,16328,17041,17754,18467,19180,19894,20607,21320,22033,22746,23459,23784,24109,24434,24759,25084,25410,25735,26060,26385,26710,26717,26723,26730,26737,26744,26750,26757,26764,26770,26777,26814,26851,26889,26926,26963,27000,27037,27075,27112,27149,27130,27112,27093,27074,27056,27037,27018,26999,26981,26962,27194,27426,27658,27890,28122,28353,28585,28817,29049,29281,29175,29068,28962,29457,29952
Stow,968,979,991,1002,1013,1025,1036,1047,1058,1070,1081,1092,1104,1115,1114,1112,1111,1109,1108,1107,1105,1104,1102,1101,1105,1109,1113,1117,1122,1126,1130,1134,1138,1142,1152,1162,1172,1182,1192,1203,1213,1223,1233,1243,1289,1334,1380,1426,1472,1517,1563,1609,1654,1700,1787,1875,1962,2049,2136,2224,2311,2398,2486,2573,2714,2855,2996,3137,3278,3420,3561,3702,3843,3984,4100,4216,4332,4448,4564,4680,4796,4912,5028,5144,5162,5181,5199,5218,5236,5254,5273,5291,5310,5328,5385,5443,5500,5558,5615,5672,5730,5787,5845,5902,5971,6040,6108,6177,6246,6315,6384,6452,6521,6590,6648,6707,6765,6824,6882,6940,6999,7057,7116,7174,7145,7117,7088,7335,7582
Sudbury,1159,1156,1153,1150,1147,1144,1141,1138,1135,1132,1129,1126,1123,1120,1120,1120,1120,1120,1120,1121,1121,1121,1121,1121,1127,1133,1139,1145,1152,1158,1164,1170,1176,1182,1239,1296,1354,1411,1468,1525,1582,1640,1697,1754,1838,1922,2007,2091,2175,2259,2343,2428,2512,2596,3081,3566,4051,4536,5022,5507,5992,6477,6962,7447,8053,8659,9265,9871,10476,11082,11688,12294,12900,13506,13558,13610,13662,13714,13766,13819,13871,13923,13975,14027,14060,14093,14126,14159,14192,14226,14259,14292,14325,14358,14606,14855,15103,15351,15600,15848,16096,16344,16593,16841,16923,17005,17086,17168,17250,17332,17414,17495,17577,17659,17786,17914,18042,18169,18296,18424,18552,18679,18806,18934,19087,19241,19394,19805,20216
Swampscott,4181,4337,4492,4648,4804,4959,5115,5270,5426,5582,5737,5893,6048,6204,6394,6583,6773,6963,7152,7342,7532,7722,7911,8101,8326,8550,8774,8999,9224,9448,9672,9897,10122,10346,10388,10429,10470,10512,10554,10595,10636,10678,10720,10761,10843,10925,11007,11089,11170,11252,11334,11416,11498,11580,11751,11923,12094,12266,12437,12608,12780,12951,13123,13294,13322,13351,13379,13408,13436,13464,13493,13521,13550,13578,13604,13630,13656,13682,13708,13733,13759,13785,13811,13837,13818,13800,13781,13762,13744,13725,13706,13687,13669,13650,13726,13802,13879,13955,14031,14107,14183,14260,14336,14412,14350,14287,14224,14162,14100,14037,13974,13912,13850,13787,13919,14052,14184,14317,14449,14581,14714,14846,14979,15111,15236,15362,15487,15658,15829
Topsfield,987,1001,1016,1030,1044,1059,1073,1088,1102,1116,1131,1145,1160,1174,1147,1119,1092,1064,1037,1010,982,955,927,900,909,917,926,934,943,952,960,969,977,986,1002,1019,1035,1052,1068,1084,1101,1117,1134,1150,1176,1202,1229,1255,1281,1307,1333,1360,1386,1412,1606,1800,1994,2188,2382,2575,2769,2963,3157,3351,3538,3726,3913,4101,4288,4475,4663,4850,5038,5225,5273,5322,5370,5419,5467,5515,5564,5612,5661,5709,5714,5718,5722,5727,5732,5736,5740,5745,5750,5754,5793,5831,5870,5909,5948,5986,6025,6064,6102,6141,6135,6130,6124,6119,6113,6107,6102,6096,6091,6085,6133,6182,6230,6279,6327,6375,6424,6472,6521,6569,6561,6552,6544,6620,6696
Wakefield,8656,8867,9079,9290,9501,9713,9924,10136,10347,10558,10770,10981,11193,11404,11566,11728,11890,12052,12214,12377,12539,12701,12863,13025,13354,13684,14013,14342,14672,15001,15330,15659,15989,16318,16308,16299,16290,16280,16270,16261,16252,16242,16232,16223,16564,16905,17246,17587,17928,18269,18610,18951,19292,19633,20099,20565,21032,21498,21964,22430,22896,23363,23829,24295,24406,24516,24627,24738,24848,24959,25070,25181,25291,25402,25351,25301,25250,25199,25148,25098,25047,24996,24946,24895,24888,24881,24874,24867,24860,24853,24846,24839,24832,24825,24823,24821,24819,24817,24814,24812,24810,24808,24806,24804,24817,24830,24842,24855,24868,24881,24894,24906,24919,24932,25148,25364,25579,25795,26011,26227,26443,26658,26874,27090,27330,27570,27810,29216,30622
Walpole,3176,3308,3440,3572,3704,3836,3968,4100,4232,4364,4496,4628,4760,4892,4947,5003,5058,5114,5169,5224,5280,5335,5391,5446,5629,5811,5994,6177,6360,6542,6725,6908,7090,7273,7290,7307,7324,7341,7358,7375,7392,7409,7426,7443,7610,7776,7943,8109,8276,8443,8609,8776,8942,9109,9605,10101,10597,11093,11588,12084,12580,13076,13572,14068,14476,14884,15292,15700,16108,16517,16925,17333,17741,18149,18220,18291,18362,18433,18504,18575,18646,18717,18788,18859,18994,19130,19265,19400,19536,19671,19806,19941,20077,20212,20473,20734,20996,21257,21518,21779,22040,22302,22563,22824,22949,23073,23198,23322,23447,23572,23696,23821,23945,24070,24301,24533,24764,24995,25226,25458,25689,25920,26152,26383,26243,26104,25964,26391,26818
Waltham,22175,22610,23046,23481,23916,24352,24787,25222,25658,26093,26528,26963,27399,27834,28142,28450,28758,29066,29374,29683,29991,30299,30607,30915,31748,32581,33415,34248,35081,35914,36747,37581,38414,39247,39324,39402,39479,39556,39634,39711,39788,39865,39943,40020,40737,41453,42170,42887,43604,44320,45037,45754,46470,47187,48010,48832,49655,50477,51300,52123,52945,53768,54590,55413,56030,56647,57264,57881,58498,59114,59731,60348,60965,61582,61244,60906,60567,60229,59891,59553,59215,58876,58538,58200,58168,58136,58103,58071,58039,58007,57975,57942,57910,57878,58013,58148,58282,58417,58552,58687,58822,58956,59091,59226,59367,59507,59648,59788,59929,60070,60210,60351,60491,60632,61091,61549,62008,62466,62925,63384,63842,64301,64759,65218,64971,64724,64477,65849,67221
Watertown,8755,9072,9389,9706,10023,10340,10657,10974,11290,11607,11924,12241,12558,12875,13733,14591,15450,16308,17166,18024,18882,19741,20599,21457,22803,24148,25494,26839,28185,29531,30876,32222,33567,34913,34964,35016,35067,35119,35170,35221,35273,35324,35376,35427,35617,35807,35998,36188,36378,36568,36758,36949,37139,37329,37505,37682,37858,38034,38210,38387,38563,38739,38916,39092,39114,39135,39156,39178,39200,39221,39242,39264,39286,39307,38815,38322,37830,37338,36846,36353,35861,35369,34876,34384,34274,34164,34054,33944,33834,33724,33614,33504,33394,33284,33254,33224,33195,33165,33135,33105,33075,33046,33016,32986,32879,32772,32665,32558,32450,32343,32236,32129,32022,31915,32256,32598,32939,33281,33622,33963,34305,34646,34988,35329,35305,35280,35256,35985,36714
Wayland,2332,2322,2313,2303,2293,2284,2274,2264,2254,2245,2235,2225,2216,2206,2179,2152,2125,2098,2070,2043,2016,1989,1962,1935,2035,2135,2236,2336,2436,2536,2636,2737,2837,2937,2994,3051,3107,3164,3221,3278,3335,3391,3448,3505,3595,3685,3776,3866,3956,4046,4136,4227,4317,4407,5011,5614,6218,6822,7426,8029,8633,9237,9840,10444,10746,11047,11349,11651,11952,12254,12556,12858,13159,13461,13332,13203,13074,12945,12816,12686,12557,12428,12299,12170,12140,12111,12081,12052,12022,11992,11963,11933,11904,11874,11997,12119,12242,12364,12487,12610,12732,12855,12977,13100,13089,13079,13068,13058,13047,13036,13026,13015,13005,12994,13089,13184,13279,13374,13468,13563,13658,13753,13848,13943,13879,13816,13752,14054,14356
Wellesley,4970,5004,5038,5072,5106,5140,5174,5208,5242,5277,5311,5345,5379,5413,5494,5575,5656,5737,5818,5900,5981,6062,6143,6224,6746,7267,7788,8310,8832,9353,9874,10396,10918,11439,11808,12177,12545,12914,13283,13652,14021,14389,14758,15127,15669,16211,16754,17296,17838,18380,18922,19465,20007,20549,21101,21653,22206,22758,23310,23862,24414,24967,25519,26071,26269,26467,26665,26863,27061,27259,27457,27655,27853,28051,27967,27883,27798,27714,27630,27546,27462,27377,27293,27209,27150,27090,27031,26971,26912,26853,26793,26734,26674,26615,26658,26701,26744,26787,26830,26874,26917,26960,27003,27046,27140,27233,27327,27420,27514,27608,27701,27795,27888,27982,28139,28296,28452,28609,28766,28923,29080,29236,29393,29550,29944,30339,30733,31242,31751
Wenham,798,814,831,847,863,880,896,912,928,945,961,977,994,1010,1018,1026,1034,1042,1050,1058,1066,1074,1082,1090,1093,1096,1099,1102,1104,1107,1110,1113,1116,1119,1129,1139,1149,1159,1170,1180,1190,1200,1210,1220,1262,1305,1347,1390,1432,1474,1517,1559,1602,1644,1759,1875,1990,2106,2221,2336,2452,2567,2683,2798,2903,3008,3113,3218,3324,3429,3534,3639,3744,3849,3854,3859,3863,3868,3873,3878,3883,3887,3892,3897,3928,3960,3992,4023,4054,4086,4118,4149,4180,4212,4256,4301,4345,4390,4434,4478,4523,4567,4612,4656,4678,4700,4722,4744,4766,4787,4809,4831,4853,4875,4885,4896,4906,4917,4927,4937,4948,4958,4969,4979,4972,4964,4957,4945,4933
Weston,1752,1780,1807,1834,1861,1888,1916,1943,1970,1997,2024,2052,2079,2106,2124,2141,2159,2176,2194,2212,2229,2247,2264,2282,2387,2492,2597,2702,2807,2912,3017,3122,3227,3332,3358,3384,3409,3435,3461,3487,3513,3538,3564,3590,3734,3877,4021,4164,4308,4452,4595,4739,4882,5026,5350,5673,5996,6320,6644,6967,7290,7614,7938,8261,8522,8783,9044,9305,9566,9826,10087,10348,10609,10870,10900,10930,10960,10990,11020,11049,11079,11109,11139,11169,11072,10975,10878,10781,10684,10588,10491,10394,10297,10200,10327,10454,10581,10708,10834,10961,11088,11215,11342,11469,11448,11427,11407,11386,11365,11344,11323,11303,11282,11261,11320,11379,11438,11497,11556,11615,11674,11733,11792,11851,11782,11714,11645,11827,12009
Westwood,2782,2830,2878,2926,2974,3022,3070,3118,3166,3214,3262,3310,3358,3406,3425,3444,3463,3482,3500,3519,3538,3557,3576,3595,3445,3295,3146,2996,2846,2696,2546,2397,2247,2097,2225,2353,2481,2609,2736,2864,2992,3120,3248,3376,3622,3868,4114,4360,4606,4853,5099,5345,5591,5837,6289,6740,7192,7644,8096,8547,8999,9451,9902,10354,10594,10833,11073,11312,11552,11792,12031,12271,12510,12750,12796,12842,12889,12935,12981,13027,13073,13120,13166,13212,13146,13081,13016,12950,12884,12819,12754,12688,12622,12557,12713,12869,13025,13181,13337,13493,13649,13805,13961,14117,14167,14217,14267,14317,14368,14418,14468,14518,14568,14618,14783,14948,15112,15277,15442,15607,15772,15936,16101,16266,16259,16251,16244,16533,16822
Weymouth,11014,11159,11303,11448,11593,11737,11882,12027,12172,12316,12461,12606,12750,12895,13111,13327,13544,13760,13976,14192,14408,14625,14841,15057,15640,16222,16804,17387,17970,18552,19134,19717,20300,20882,21181,21479,21778,22076,22375,22674,22972,23271,23569,23868,24750,25632,26515,27397,28279,29161,30043,30926,31808,32690,34239,35787,37336,38885,40434,41982,43531,45080,46628,48177,48820,49464,50107,50750,51394,52037,52680,53323,53967,54610,54709,54808,54907,55006,55106,55205,55304,55403,55502,55601,55447,55293,55140,54986,54832,54678,54524,54371,54217,54063,54056,54048,54040,54033,54026,54018,54010,54003,53996,53988,53964,53939,53914,53890,53866,53841,53816,53792,53768,53743,54112,54482,54851,55221,55590,55959,56329,56698,57068,57437,57996,58555,59114,60159,61204
Wilmington,1517,1544,1570,1596,1622,1648,1675,1701,1727,1753,1779,1806,1832,1858,1930,2003,2075,2147,2220,2292,2364,2436,2509,2581,2724,2867,3011,3154,3297,3440,3583,3727,3870,4013,4076,4139,4203,4266,4329,4392,4455,4519,4582,4645,4884,5124,5363,5603,5842,6081,6321,6560,6800,7039,7583,8126,8670,9213,9757,10301,10844,11388,11931,12475,12938,13400,13863,14326,14788,15251,15714,16177,16639,17102,17139,17176,17213,17250,17286,17323,17360,17397,17434,17471,17489,17507,17525,17543,17561,17579,17597,17615,17633,17651,18022,18393,18765,19136,19507,19878,20249,20621,20992,21363,21459,21555,21652,21748,21844,21940,22036,22133,22229,22325,22427,22530,22632,22735,22837,22939,23042,23144,23247,23349,23282,23215,23148,23802,24456
Winchester,6630,6836,7042,7248,7454,7660,7866,8072,8278,8485,8691,8897,9103,9309,9427,9544,9662,9779,9897,10015,10132,10250,10367,10485,10708,10932,11155,11379,11602,11825,12049,12272,12496,12719,12955,13191,13428,13664,13900,14136,14372,14609,14845,15081,15124,15167,15209,15252,15295,15338,15381,15423,15466,15509,15896,16282,16669,17056,17442,17829,18216,18603,18989,19376,19665,19955,20244,20533,20822,21112,21401,21690,21980,22269,22112,21955,21799,21642,21485,21328,21171,21015,20858,20701,20658,20614,20571,20527,20484,20441,20397,20354,20310,20267,20321,20376,20430,20484,20538,20593,20647,20701,20756,20810,20866,20923,20979,21036,21092,21148,21205,21261,21318,21374,21534,21693,21853,22012,22172,22332,22491,22651,22810,22970,22926,22881,22837,23953,25069
Winthrop,4836,5243,5651,6058,6465,6873,7280,7688,8095,8502,8910,9317,9725,10132,10664,11197,11729,12261,12794,13326,13858,14390,14923,15455,15595,15734,15874,16014,16154,16293,16433,16573,16712,16852,16844,16835,16827,16818,16810,16802,16793,16785,16776,16768,17041,17314,17586,17859,18132,18405,18678,18950,19223,19496,19577,19657,19738,19819,19900,19980,20061,20142,20222,20303,20306,20309,20313,20316,20319,20322,20325,20329,20332,20335,20231,20127,20023,19919,19814,19710,19606,19502,19398,19294,19177,19061,18944,18827,18710,18594,18477,18360,18244,18127,18145,18162,18180,18197,18215,18233,18250,18268,18285,18303,18222,18142,18061,17981,17900,17819,17739,17658,17578,17497,17679,17861,18043,18225,18406,18588,18770,18952,19134,19316,18984,18651,18319,18739,19159
Woburn,14254,14254,14254,14254,14254,14254,14254,14254,14254,14254,14254,14254,14254,14254,14486,14718,14950,15182,15414,15646,15878,16110,16342,16574,16860,17146,17432,17718,18004,18290,18576,18862,19148,19434,19466,19497,19529,19561,19592,19624,19656,19688,19719,19751,19825,19899,19973,20047,20122,20196,20270,20344,20418,20492,21564,22636,23709,24781,25853,26925,27997,29070,30142,31214,31833,32452,33072,33691,34310,34929,35548,36168,36787,37406,37328,37250,37172,37094,37016,36938,36860,36782,36704,36626,36558,36489,36421,36353,36284,36216,36148,36080,36011,35943,36074,36206,36337,36469,36600,36731,36863,36994,37126,37257,37343,37430,37516,37602,37688,37775,37861,37947,38034,38120,38396,38671,38947,39222,39498,39774,40049,40325,40600,40876,41133,41390,41647,43895,46143
Wrentham,3013,2915,2818,2720,2622,2525,2427,2329,2232,2134,2036,1938,1841,1743,1850,1956,2062,2169,2276,2382,2488,2595,2702,2808,2886,2963,3041,3118,3196,3274,3351,3429,3506,3584,3693,3802,3911,4020,4129,4238,4347,4456,4565,4674,4741,4807,4874,4941,5008,5074,5141,5208,5274,5341,5475,5610,5744,5879,6013,6147,6282,6416,6551,6685,6748,6811,6874,6937,7000,7063,7126,7189,7252,7315,7342,7368,7394,7421,7448,7474,7500,7527,7554,7580,7723,7865,8008,8150,8293,8436,8578,8721,8863,9006,9161,9316,9470,9625,9780,9935,10090,10244,10399,10554,10594,10634,10674,10714,10754,10795,10835,10875,10915,10955,11077,11200,11322,11444,11566,11689,11811,11933,12056,12178,12300,12421,12543,12516,12489
